1456655876962,156,HTTP Request,200,OK,Thread Group 1-1,text,true,238,16,16,156
1456655876982,144,HTTP Request,200,OK,Thread Group 1-3,text,true,238,16,16,144
1456655876972,156,HTTP Request,200,OK,Thread Group 1-2,text,true,238,17,17,156
1456655876993,137,HTTP Request,200,OK,Thread Group 1-4,text,true,238,17,17,137
1456655877004,146,HTTP Request,200,OK,Thread Group 1-5,text,true,238,19,19,146
1456655877015,140,HTTP Request,200,OK,Thread Group 1-6,text,true,238,19,19,140
1456655877025,140,HTTP Request,200,OK,Thread Group 1-7,text,true,238,20,20,140
1456655877040,146,HTTP Request,200,OK,Thread Group 1-8,text,true,238,22,22,146
1456655877047,138,HTTP Request,200,OK,Thread Group 1-9,text,true,238,22,22,138
1456655877125,73,HTTP Request,200,OK,Thread Group 1-1,text,true,210,23,23,73
1456655877058,139,HTTP Request,200,OK,Thread Group 1-10,text,true,238,23,23,138
1456655877137,71,HTTP Request,200,OK,Thread Group 1-3,text,true,210,24,24,71
1456655877068,132,HTTP Request,200,OK,Thread Group 1-11,text,true,238,24,24,132
1456655877139,74,HTTP Request,200,OK,Thread Group 1-2,text,true,210,25,25,74
1456655877142,71,HTTP Request,200,OK,Thread Group 1-4,text,true,210,25,25,71
1456655877158,73,HTTP Request,200,OK,Thread Group 1-6,text,true,210,27,27,73
1456655877090,136,HTTP Request,200,OK,Thread Group 1-13,text,true,238,26,26,136
1456655877079,147,HTTP Request,200,OK,Thread Group 1-12,text,true,238,26,26,147
1456655877158,76,HTTP Request,200,OK,Thread Group 1-5,text,true,210,27,27,76
1456655877167,71,HTTP Request,200,OK,Thread Group 1-7,text,true,210,27,27,71
1456655877099,134,HTTP Request,200,OK,Thread Group 1-14,text,true,238,27,27,134
1456655877109,139,HTTP Request,200,OK,Thread Group 1-15,text,true,238,28,28,139
1456655877189,71,HTTP Request,200,OK,Thread Group 1-8,text,true,210,30,30,71
1456655877119,134,HTTP Request,200,OK,Thread Group 1-16,text,true,238,29,29,134
1456655877191,73,HTTP Request,200,OK,Thread Group 1-9,text,true,210,30,30,73
1456655877129,132,HTTP Request,200,OK,Thread Group 1-17,text,true,238,30,30,132
1456655877205,75,HTTP Request,200,OK,Thread Group 1-1,text,true,151,32,32,75
1456655877141,136,HTTP Request,200,OK,Thread Group 1-18,text,true,238,31,31,136
1456655877210,78,HTTP Request,200,OK,Thread Group 1-10,text,true,210,32,32,78
1456655877221,72,HTTP Request,200,OK,Thread Group 1-3,text,true,151,33,33,72
1456655877149,135,HTTP Request,200,OK,Thread Group 1-19,text,true,238,32,32,135
1456655877226,79,HTTP Request,200,OK,Thread Group 1-11,text,true,210,34,34,79
1456655877180,131,HTTP Request,200,OK,Thread Group 1-22,text,true,238,34,34,131
1456655877159,180,HTTP Request,200,OK,Thread Group 1-20,text,true,238,37,37,179
1456655877201,141,HTTP Request,200,OK,Thread Group 1-24,text,true,238,37,37,141
1456655877279,74,HTTP Request,200,OK,Thread Group 1-16,text,true,210,38,38,74
1456655877211,143,HTTP Request,200,OK,Thread Group 1-25,text,true,238,38,38,143
1456655877284,78,HTTP Request,200,OK,Thread Group 1-17,text,true,210,39,39,78
1456655877232,130,HTTP Request,200,OK,Thread Group 1-4,text,true,151,39,39,130
1456655877191,163,HTTP Request,200,OK,Thread Group 1-23,text,true,238,39,39,163
1456655877296,73,HTTP Request,200,OK,Thread Group 1-1,text,true,237,40,40,73
1456655877308,77,HTTP Request,200,OK,Thread Group 1-18,text,true,210,41,41,77
1456655877230,145,HTTP Request,200,OK,Thread Group 1-27,text,true,238,41,41,145
1456655877241,135,HTTP Request,200,OK,Thread Group 1-28,text,true,238,41,41,135
1456655877260,135,HTTP Request,200,OK,Thread Group 1-14,text,true,210,41,41,135
1456655877279,116,HTTP Request,200,OK,Thread Group 1-9,text,true,151,41,41,116
1456655877271,125,HTTP Request,200,OK,Thread Group 1-15,text,true,210,41,41,125
1456655877249,150,HTTP Request,200,OK,Thread Group 1-12,text,true,210,42,42,150
1456655877248,157,HTTP Request,200,OK,Thread Group 1-13,text,true,210,42,42,157
1456655877317,87,HTTP Request,200,OK,Thread Group 1-11,text,true,151,42,42,87
1456655877308,94,HTTP Request,200,OK,Thread Group 1-3,text,true,237,42,42,94
1456655877339,72,HTTP Request,200,OK,Thread Group 1-22,text,true,210,43,43,72
1456655877171,229,HTTP Request,200,OK,Thread Group 1-21,text,true,238,42,42,229
1456655877312,105,HTTP Request,200,OK,Thread Group 1-19,text,true,210,43,43,105
1456655877222,178,HTTP Request,200,OK,Thread Group 1-26,text,true,238,42,42,178
1456655877256,168,HTTP Request,200,OK,Thread Group 1-7,text,true,151,44,44,168
1456655877279,142,HTTP Request,200,OK,Thread Group 1-8,text,true,151,44,44,142
1456655877248,177,HTTP Request,200,OK,Thread Group 1-6,text,true,151,44,44,177
1456655877256,170,HTTP Request,200,OK,Thread Group 1-5,text,true,151,44,44,170
1456655877308,118,HTTP Request,200,OK,Thread Group 1-10,text,true,151,44,44,118
1456655877232,195,HTTP Request,200,OK,Thread Group 1-2,text,true,151,44,44,195
1456655877282,135,HTTP Request,200,OK,Thread Group 1-32,text,true,238,43,43,134
1456655877363,74,HTTP Request,200,OK,Thread Group 1-24,text,true,210,45,45,73
1456655877272,149,HTTP Request,200,OK,Thread Group 1-31,text,true,238,44,44,149
1456655877254,173,HTTP Request,200,OK,Thread Group 1-29,text,true,238,44,44,173
1456655877261,167,HTTP Request,200,OK,Thread Group 1-30,text,true,238,44,44,167
1456655877294,135,HTTP Request,200,OK,Thread Group 1-33,text,true,238,44,44,135
1456655877363,78,HTTP Request,200,OK,Thread Group 1-20,text,true,210,44,44,78
1456655877371,76,HTTP Request,200,OK,Thread Group 1-16,text,true,151,45,45,76
1456655877381,75,HTTP Request,200,OK,Thread Group 1-4,text,true,237,46,46,75
1456655877382,79,HTTP Request,200,OK,Thread Group 1-23,text,true,210,46,46,79
1456655877381,80,HTTP Request,200,OK,Thread Group 1-25,text,true,210,46,46,80
1456655877381,83,HTTP Request,200,OK,Thread Group 1-17,text,true,151,47,47,83
1456655877305,141,HTTP Request,200,OK,Thread Group 1-34,text,true,238,45,45,141
1456655877315,143,HTTP Request,200,OK,Thread Group 1-35,text,true,238,46,46,143
1456655877325,136,HTTP Request,200,OK,Thread Group 1-36,text,true,238,46,46,136
1456655877337,136,HTTP Request,200,OK,Thread Group 1-37,text,true,238,47,47,135
1456655877412,78,HTTP Request,200,OK,Thread Group 1-18,text,true,151,49,49,78
1456655877417,77,HTTP Request,200,OK,Thread Group 1-27,text,true,210,49,49,77
1456655877346,137,HTTP Request,200,OK,Thread Group 1-38,text,true,238,48,48,137
1456655877430,80,HTTP Request,200,OK,Thread Group 1-9,text,true,237,50,50,79
1456655877439,74,HTTP Request,200,OK,Thread Group 1-11,text,true,237,50,50,74
1456655877355,138,HTTP Request,200,OK,Thread Group 1-39,text,true,238,49,49,138
1456655877444,85,HTTP Request,200,OK,Thread Group 1-21,text,true,210,52,52,85
1456655877426,104,HTTP Request,200,OK,Thread Group 1-28,text,true,210,52,52,103
1456655877463,80,HTTP Request,200,OK,Thread Group 1-8,text,true,237,53,53,80
1456655877463,81,HTTP Request,200,OK,Thread Group 1-7,text,true,237,53,53,81
1456655877464,80,HTTP Request,200,OK,Thread Group 1-5,text,true,237,53,53,80
1456655877464,80,HTTP Request,200,OK,Thread Group 1-10,text,true,237,53,53,80
1456655877464,86,HTTP Request,200,OK,Thread Group 1-2,text,true,237,54,54,85
1456655877476,75,HTTP Request,200,OK,Thread Group 1-32,text,true,210,54,54,75
1456655877390,133,HTTP Request,200,OK,Thread Group 1-42,text,true,238,51,51,133
1456655877464,86,HTTP Request,200,OK,Thread Group 1-6,text,true,237,54,54,86
1456655877483,75,HTTP Request,200,OK,Thread Group 1-31,text,true,210,55,55,75
1456655877445,115,HTTP Request,200,OK,Thread Group 1-26,text,true,210,55,55,115
1456655877477,87,HTTP Request,200,OK,Thread Group 1-24,text,true,151,55,55,87
1456655877430,134,HTTP Request,200,OK,Thread Group 1-14,text,true,151,55,55,134
1456655877444,120,HTTP Request,200,OK,Thread Group 1-19,text,true,151,55,55,120
1456655877376,151,HTTP Request,200,OK,Thread Group 1-41,text,true,238,52,52,151
1456655877365,165,HTTP Request,200,OK,Thread Group 1-40,text,true,238,52,52,164
1456655877398,136,HTTP Request,200,OK,Thread Group 1-43,text,true,238,52,52,136
1456655877408,145,HTTP Request,200,OK,Thread Group 1-44,text,true,238,54,54,145
1456655877489,95,HTTP Request,200,OK,Thread Group 1-30,text,true,210,55,55,95
1456655877440,151,HTTP Request,200,OK,Thread Group 1-22,text,true,151,56,56,151
1456655877422,142,HTTP Request,200,OK,Thread Group 1-45,text,true,238,55,55,142
1456655877489,106,HTTP Request,200,OK,Thread Group 1-29,text,true,210,56,56,106
1456655877503,95,HTTP Request,200,OK,Thread Group 1-16,text,true,237,56,56,95
1456655877431,167,HTTP Request,200,OK,Thread Group 1-12,text,true,151,56,56,166
1456655877520,78,HTTP Request,200,OK,Thread Group 1-34,text,true,210,56,56,78
1456655877532,82,HTTP Request,200,OK,Thread Group 1-35,text,true,210,54,54,82
1456655877546,69,HTTP Request,200,OK,Thread Group 1-18,text,true,237,54,54,69
1456655877537,81,HTTP Request,200,OK,Thread Group 1-36,text,true,210,54,54,81
1456655877546,75,HTTP Request,200,OK,Thread Group 1-37,text,true,210,54,54,75
1456655877513,110,HTTP Request,200,OK,Thread Group 1-17,text,true,237,55,55,110
1456655877547,82,HTTP Request,200,OK,Thread Group 1-27,text,true,151,55,55,82
1456655877489,144,HTTP Request,200,OK,Thread Group 1-33,text,true,210,53,53,144
1456655877439,196,HTTP Request,200,OK,Thread Group 1-13,text,true,151,54,54,196
1456655877431,204,HTTP Request,200,OK,Thread Group 1-15,text,true,151,54,54,204
1456655877504,136,HTTP Request,200,OK,Thread Group 1-25,text,true,151,54,54,136
1456655877571,73,HTTP Request,200,OK,Thread Group 1-38,text,true,210,54,54,72
1456655877504,141,HTTP Request,200,OK,Thread Group 1-23,text,true,151,55,55,141
1456655877577,73,HTTP Request,200,OK,Thread Group 1-39,text,true,210,55,55,73
1456655877489,162,HTTP Request,200,OK,Thread Group 1-20,text,true,151,55,55,162
1456655877456,141,HTTP Request,200,OK,Thread Group 1-48,text,true,238,56,56,141
1456655877592,81,HTTP Request,200,OK,Thread Group 1-21,text,true,151,57,57,81
1456655877592,84,HTTP Request,200,OK,Thread Group 1-28,text,true,151,58,58,84
1456655877631,74,HTTP Request,200,OK,Thread Group 1-42,text,true,210,61,61,74
1456655877465,146,HTTP Request,200,OK,Thread Group 1-49,text,true,238,54,54,146
1456655877476,136,HTTP Request,200,OK,Thread Group 1-50,text,true,238,54,54,136
1456655877487,135,HTTP Request,200,OK,Thread Group 1-51,text,true,238,54,54,135
1456655877631,92,HTTP Request,200,OK,Thread Group 1-32,text,true,151,62,62,92
1456655877639,87,HTTP Request,200,OK,Thread Group 1-24,text,true,237,63,63,87
1456655877639,89,HTTP Request,200,OK,Thread Group 1-19,text,true,237,63,63,89
1456655877647,90,HTTP Request,200,OK,Thread Group 1-43,text,true,210,64,64,90
1456655877647,90,HTTP Request,200,OK,Thread Group 1-40,text,true,210,64,64,90
1456655877497,135,HTTP Request,200,OK,Thread Group 1-52,text,true,238,53,53,135
1456655877639,108,HTTP Request,200,OK,Thread Group 1-14,text,true,237,65,65,108
1456655877639,109,HTTP Request,200,OK,Thread Group 1-41,text,true,210,65,65,109
1456655877639,110,HTTP Request,200,OK,Thread Group 1-26,text,true,151,65,65,110
1456655877639,111,HTTP Request,200,OK,Thread Group 1-31,text,true,151,65,65,111
1456655877445,189,HTTP Request,200,OK,Thread Group 1-47,text,true,238,54,54,189
1456655877508,133,HTTP Request,200,OK,Thread Group 1-53,text,true,238,54,54,133
1456655877438,207,HTTP Request,200,OK,Thread Group 1-46,text,true,238,55,55,207
1456655877517,135,HTTP Request,200,OK,Thread Group 1-54,text,true,238,55,55,134
1456655877527,145,HTTP Request,200,OK,Thread Group 1-55,text,true,238,57,57,145
1456655877537,135,HTTP Request,200,OK,Thread Group 1-56,text,true,238,57,57,135
1456655877547,135,HTTP Request,200,OK,Thread Group 1-57,text,true,238,58,58,135
1456655877557,133,HTTP Request,200,OK,Thread Group 1-58,text,true,238,59,59,133
1456655877568,132,HTTP Request,200,OK,Thread Group 1-59,text,true,238,60,60,132
1456655877744,71,HTTP Request,200,OK,Thread Group 1-44,text,true,210,69,69,71
1456655877753,69,HTTP Request,200,OK,Thread Group 1-22,text,true,237,69,69,69
1456655877588,146,HTTP Request,200,OK,Thread Group 1-61,text,true,238,63,63,146
1456655877753,76,HTTP Request,200,OK,Thread Group 1-45,text,true,210,70,70,76
1456655877744,87,HTTP Request,200,OK,Thread Group 1-30,text,true,151,70,70,87
1456655877768,70,HTTP Request,200,OK,Thread Group 1-12,text,true,237,71,71,70
1456655877766,76,HTTP Request,200,OK,Thread Group 1-29,text,true,151,71,71,76
1456655877609,138,HTTP Request,200,OK,Thread Group 1-63,text,true,238,65,65,138
1456655877604,144,HTTP Request,200,OK,Thread Group 1-62,text,true,238,65,65,144
1456655877579,171,HTTP Request,200,OK,Thread Group 1-60,text,true,238,65,65,171
1456655877768,80,HTTP Request,200,OK,Thread Group 1-34,text,true,151,72,72,80
1456655877624,139,HTTP Request,200,OK,Thread Group 1-64,text,true,238,66,66,139
1456655877636,134,HTTP Request,200,OK,Thread Group 1-65,text,true,238,66,66,134
1456655877820,70,HTTP Request,200,OK,Thread Group 1-27,text,true,237,76,76,70
1456655877645,135,HTTP Request,200,OK,Thread Group 1-66,text,true,238,67,67,135
1456655877813,80,HTTP Request,200,OK,Thread Group 1-37,text,true,151,76,76,80
1456655877812,84,HTTP Request,200,OK,Thread Group 1-35,text,true,151,76,76,84
1456655877656,131,HTTP Request,200,OK,Thread Group 1-67,text,true,238,68,68,130
1456655877812,93,HTTP Request,200,OK,Thread Group 1-36,text,true,151,77,77,93
1456655877836,72,HTTP Request,200,OK,Thread Group 1-33,text,true,151,77,77,72
1456655877666,135,HTTP Request,200,OK,Thread Group 1-68,text,true,238,69,69,135
1456655877845,70,HTTP Request,200,OK,Thread Group 1-15,text,true,237,78,78,70
1456655877845,70,HTTP Request,200,OK,Thread Group 1-13,text,true,237,78,78,70
1456655877846,71,HTTP Request,200,OK,Thread Group 1-25,text,true,237,78,78,71
1456655877854,68,HTTP Request,200,OK,Thread Group 1-23,text,true,237,79,79,68
1456655877854,75,HTTP Request,200,OK,Thread Group 1-38,text,true,151,80,80,75
1456655877867,78,HTTP Request,200,OK,Thread Group 1-20,text,true,237,81,81,78
1456655877676,139,HTTP Request,200,OK,Thread Group 1-69,text,true,238,69,69,139
1456655877867,86,HTTP Request,200,OK,Thread Group 1-39,text,true,151,82,82,86
1456655877868,87,HTTP Request,200,OK,Thread Group 1-48,text,true,210,82,82,87
1456655877893,70,HTTP Request,200,OK,Thread Group 1-21,text,true,237,83,83,70
1456655877686,139,HTTP Request,200,OK,Thread Group 1-70,text,true,238,69,69,139
1456655877902,70,HTTP Request,200,OK,Thread Group 1-28,text,true,237,84,84,70
1456655877696,140,HTTP Request,200,OK,Thread Group 1-71,text,true,238,70,70,140
1456655877707,140,HTTP Request,200,OK,Thread Group 1-72,text,true,238,72,72,140
1456655877717,133,HTTP Request,200,OK,Thread Group 1-73,text,true,238,72,72,133
1456655877920,80,HTTP Request,200,OK,Thread Group 1-49,text,true,210,83,83,80
1456655877920,81,HTTP Request,200,OK,Thread Group 1-50,text,true,210,83,83,81
1456655877919,85,HTTP Request,200,OK,Thread Group 1-42,text,true,151,83,83,85
1456655877936,70,HTTP Request,200,OK,Thread Group 1-51,text,true,210,83,83,70
1456655877727,144,HTTP Request,200,OK,Thread Group 1-74,text,true,238,74,74,143
1456655877737,138,HTTP Request,200,OK,Thread Group 1-75,text,true,238,74,74,138
1456655877965,73,HTTP Request,200,OK,Thread Group 1-32,text,true,237,83,83,73
1456655877748,131,HTTP Request,200,OK,Thread Group 1-76,text,true,238,75,75,131
1456655877985,72,HTTP Request,200,OK,Thread Group 1-26,text,true,237,83,83,72
1456655877758,134,HTTP Request,200,OK,Thread Group 1-77,text,true,238,76,76,134
1456655877985,81,HTTP Request,200,OK,Thread Group 1-31,text,true,237,83,83,81
1456655877768,135,HTTP Request,200,OK,Thread Group 1-78,text,true,238,77,77,135
1456655877985,83,HTTP Request,200,OK,Thread Group 1-41,text,true,151,83,83,83
1456655877779,136,HTTP Request,200,OK,Thread Group 1-79,text,true,238,78,78,135
1456655877976,90,HTTP Request,200,OK,Thread Group 1-52,text,true,210,83,83,90
1456655878001,77,HTTP Request,200,OK,Thread Group 1-46,text,true,210,83,83,77
1456655877986,94,HTTP Request,200,OK,Thread Group 1-47,text,true,210,83,83,94
1456655877975,107,HTTP Request,200,OK,Thread Group 1-43,text,true,151,83,83,107
1456655877975,108,HTTP Request,200,OK,Thread Group 1-40,text,true,151,83,83,108
1456655877986,97,HTTP Request,200,OK,Thread Group 1-53,text,true,210,83,83,97
1456655877788,135,HTTP Request,200,OK,Thread Group 1-80,text,true,238,79,79,135
1456655878038,75,HTTP Request,200,OK,Thread Group 1-54,text,true,210,83,83,75
1456655877798,155,HTTP Request,200,OK,Thread Group 1-81,text,true,238,82,82,155
1456655877809,146,HTTP Request,200,OK,Thread Group 1-82,text,true,238,82,82,146
1456655877819,138,HTTP Request,200,OK,Thread Group 1-83,text,true,238,82,82,138
1456655877828,136,HTTP Request,200,OK,Thread Group 1-84,text,true,238,83,83,136
1456655878058,76,HTTP Request,200,OK,Thread Group 1-55,text,true,210,82,82,76
1456655878058,76,HTTP Request,200,OK,Thread Group 1-56,text,true,210,82,82,76
1456655877839,139,HTTP Request,200,OK,Thread Group 1-85,text,true,238,82,82,139
1456655878067,76,HTTP Request,200,OK,Thread Group 1-57,text,true,210,82,82,76
1456655877850,132,HTTP Request,200,OK,Thread Group 1-86,text,true,238,83,83,132
1456655878095,76,HTTP Request,200,OK,Thread Group 1-44,text,true,151,82,82,76
1456655878076,76,HTTP Request,200,OK,Thread Group 1-59,text,true,210,82,82,76
1456655877870,131,HTTP Request,200,OK,Thread Group 1-88,text,true,238,83,83,131
1456655877882,133,HTTP Request,200,OK,Thread Group 1-89,text,true,238,83,83,133
1456655878076,77,HTTP Request,200,OK,Thread Group 1-58,text,true,210,82,82,77
1456655877900,136,HTTP Request,200,OK,Thread Group 1-91,text,true,238,83,83,136
1456655877859,147,HTTP Request,200,OK,Thread Group 1-87,text,true,238,83,83,146
1456655877891,139,HTTP Request,200,OK,Thread Group 1-90,text,true,238,83,83,139
1456655878177,72,HTTP Request,200,OK,Thread Group 1-30,text,true,237,81,81,72
1456655877911,133,HTTP Request,200,OK,Thread Group 1-92,text,true,238,83,83,133
1456655878186,68,HTTP Request,200,OK,Thread Group 1-29,text,true,237,80,80,68
1456655877921,155,HTTP Request,200,OK,Thread Group 1-93,text,true,238,83,83,155
1456655877941,140,HTTP Request,200,OK,Thread Group 1-95,text,true,238,83,83,140
1456655877932,150,HTTP Request,200,OK,Thread Group 1-94,text,true,238,83,83,150
1456655878176,81,HTTP Request,200,OK,Thread Group 1-45,text,true,151,77,77,81
1456655878176,81,HTTP Request,200,OK,Thread Group 1-61,text,true,210,77,77,81
1456655877951,137,HTTP Request,200,OK,Thread Group 1-96,text,true,238,83,83,137
1456655877972,141,HTTP Request,200,OK,Thread Group 1-98,text,true,238,83,83,141
1456655877963,138,HTTP Request,200,OK,Thread Group 1-97,text,true,238,83,83,138
1456655877983,130,HTTP Request,200,OK,Thread Group 1-99,text,true,238,83,83,130
1456655877994,134,HTTP Request,200,OK,Thread Group 1-100,text,true,238,82,82,134
1456655878195,92,HTTP Request,200,OK,Thread Group 1-63,text,true,210,72,72,92
1456655878244,69,HTTP Request,200,OK,Thread Group 1-34,text,true,237,70,70,69
1456655878241,72,HTTP Request,200,OK,Thread Group 1-60,text,true,210,70,70,72
1456655878255,80,HTTP Request,200,OK,Thread Group 1-33,text,true,237,70,70,80
1456655878241,72,HTTP Request,200,OK,Thread Group 1-62,text,true,210,70,70,72
1456655878244,74,HTTP Request,200,OK,Thread Group 1-64,text,true,210,70,70,74
1456655878259,103,HTTP Request,200,OK,Thread Group 1-39,text,true,237,69,69,103
1456655878252,118,HTTP Request,200,OK,Thread Group 1-65,text,true,210,68,68,118
1456655878265,108,HTTP Request,200,OK,Thread Group 1-70,text,true,210,68,68,108
1456655878277,101,HTTP Request,200,OK,Thread Group 1-72,text,true,210,68,68,101
1456655878258,117,HTTP Request,200,OK,Thread Group 1-38,text,true,237,68,68,117
1456655878253,123,HTTP Request,200,OK,Thread Group 1-35,text,true,237,68,68,123
1456655878268,108,HTTP Request,200,OK,Thread Group 1-71,text,true,210,68,68,108
1456655878254,127,HTTP Request,200,OK,Thread Group 1-67,text,true,210,68,68,127
1456655878278,103,HTTP Request,200,OK,Thread Group 1-42,text,true,237,68,68,103
1456655878277,106,HTTP Request,200,OK,Thread Group 1-73,text,true,210,68,68,106
1456655878324,74,HTTP Request,200,OK,Thread Group 1-83,text,true,210,65,65,74
1456655878324,75,HTTP Request,200,OK,Thread Group 1-81,text,true,210,65,65,75
1456655878311,91,HTTP Request,200,OK,Thread Group 1-43,text,true,237,65,65,91
1456655878317,82,HTTP Request,200,OK,Thread Group 1-80,text,true,210,65,65,82
1456655878330,79,HTTP Request,200,OK,Thread Group 1-84,text,true,210,63,63,79
1456655878337,77,HTTP Request,200,OK,Thread Group 1-88,text,true,210,63,63,77
1456655878311,103,HTTP Request,200,OK,Thread Group 1-40,text,true,237,63,63,103
1456655878255,161,HTTP Request,200,OK,Thread Group 1-36,text,true,237,63,63,161
1456655878253,163,HTTP Request,200,OK,Thread Group 1-37,text,true,237,63,63,163
1456655878278,144,HTTP Request,200,OK,Thread Group 1-49,text,true,151,62,62,144
1456655878258,166,HTTP Request,200,OK,Thread Group 1-69,text,true,210,62,62,166
1456655878336,89,HTTP Request,200,OK,Thread Group 1-86,text,true,210,62,62,89
1456655878253,183,HTTP Request,200,OK,Thread Group 1-66,text,true,210,62,62,183
1456655878323,108,HTTP Request,200,OK,Thread Group 1-54,text,true,151,62,62,108
1456655878286,214,HTTP Request,200,OK,Thread Group 1-74,text,true,210,58,58,214
1456655878287,213,HTTP Request,200,OK,Thread Group 1-76,text,true,210,58,58,213
1456655878337,170,HTTP Request,200,OK,Thread Group 1-87,text,true,210,58,58,170
1456655878336,173,HTTP Request,200,OK,Thread Group 1-85,text,true,210,58,58,172
1456655878293,217,HTTP Request,200,OK,Thread Group 1-77,text,true,210,58,58,217
1456655878324,193,HTTP Request,200,OK,Thread Group 1-82,text,true,210,58,58,193
1456655878336,190,HTTP Request,200,OK,Thread Group 1-55,text,true,151,58,58,190
1456655878260,268,HTTP Request,200,OK,Thread Group 1-48,text,true,151,58,58,268
1456655878311,221,HTTP Request,200,OK,Thread Group 1-53,text,true,151,58,58,221
1456655878365,166,HTTP Request,200,OK,Thread Group 1-99,text,true,210,58,58,166
1456655878286,248,HTTP Request,200,OK,Thread Group 1-75,text,true,210,58,58,248
1456655878336,199,HTTP Request,200,OK,Thread Group 1-57,text,true,151,58,58,199
1456655878336,201,HTTP Request,200,OK,Thread Group 1-59,text,true,151,58,58,201
1456655878365,174,HTTP Request,200,OK,Thread Group 1-96,text,true,210,58,58,174
1456655878311,232,HTTP Request,200,OK,Thread Group 1-47,text,true,151,58,58,232
1456655878294,248,HTTP Request,200,OK,Thread Group 1-78,text,true,210,58,58,248
1456655878365,180,HTTP Request,200,OK,Thread Group 1-97,text,true,210,58,58,180
1456655878337,210,HTTP Request,200,OK,Thread Group 1-89,text,true,210,58,58,209
1456655878278,269,HTTP Request,200,OK,Thread Group 1-50,text,true,151,58,58,269
1456655878364,184,HTTP Request,200,OK,Thread Group 1-94,text,true,210,58,58,184
1456655878346,203,HTTP Request,200,OK,Thread Group 1-92,text,true,210,58,58,203
1456655878363,189,HTTP Request,200,OK,Thread Group 1-95,text,true,210,58,58,189
1456655878279,273,HTTP Request,200,OK,Thread Group 1-51,text,true,151,58,58,273
1456655878365,188,HTTP Request,200,OK,Thread Group 1-100,text,true,210,58,58,188
1456655878311,242,HTTP Request,200,OK,Thread Group 1-46,text,true,151,58,58,242
1456655878294,261,HTTP Request,200,OK,Thread Group 1-52,text,true,151,58,58,261
1456655878364,191,HTTP Request,200,OK,Thread Group 1-61,text,true,151,58,58,191
1456655878337,218,HTTP Request,200,OK,Thread Group 1-58,text,true,151,58,58,218
1456655878336,220,HTTP Request,200,OK,Thread Group 1-56,text,true,151,58,58,220
1456655878337,250,HTTP Request,200,OK,Thread Group 1-90,text,true,210,58,58,250
1456655878460,129,HTTP Request,200,OK,Thread Group 1-49,text,true,237,58,58,129
1456655878472,120,HTTP Request,200,OK,Thread Group 1-54,text,true,237,57,57,120
1456655878294,298,HTTP Request,200,OK,Thread Group 1-79,text,true,210,57,57,298
1456655878364,234,HTTP Request,200,OK,Thread Group 1-45,text,true,237,57,57,234
1456655878363,246,HTTP Request,200,OK,Thread Group 1-93,text,true,210,57,57,246
1456655878365,251,HTTP Request,200,OK,Thread Group 1-98,text,true,210,56,56,251
1456655878471,152,HTTP Request,200,OK,Thread Group 1-69,text,true,151,55,55,152
1456655878387,237,HTTP Request,200,OK,Thread Group 1-64,text,true,151,55,55,237
1456655878457,168,HTTP Request,200,OK,Thread Group 1-88,text,true,151,55,55,168
1456655878471,161,HTTP Request,200,OK,Thread Group 1-86,text,true,151,55,55,160
1456655878407,222,HTTP Request,200,OK,Thread Group 1-72,text,true,151,55,55,222
1456655878386,258,HTTP Request,200,OK,Thread Group 1-60,text,true,151,55,55,258
1456655878407,240,HTTP Request,200,OK,Thread Group 1-70,text,true,151,55,55,240
1456655878456,194,HTTP Request,200,OK,Thread Group 1-80,text,true,151,55,55,194
1456655878418,232,HTTP Request,200,OK,Thread Group 1-67,text,true,151,55,55,232
1456655878386,263,HTTP Request,200,OK,Thread Group 1-62,text,true,151,55,55,263
1456655878407,244,HTTP Request,200,OK,Thread Group 1-65,text,true,151,55,55,244
1456655878336,312,HTTP Request,200,OK,Thread Group 1-44,text,true,237,55,55,312
1456655878337,322,HTTP Request,200,OK,Thread Group 1-91,text,true,210,55,55,322
1456655878455,194,HTTP Request,200,OK,Thread Group 1-81,text,true,151,55,55,194
1456655878408,240,HTTP Request,200,OK,Thread Group 1-71,text,true,151,55,55,240
1456655878472,176,HTTP Request,200,OK,Thread Group 1-66,text,true,151,55,55,176
1456655878294,371,HTTP Request,200,OK,Thread Group 1-41,text,true,237,55,55,371
1456655878255,420,HTTP Request,200,OK,Thread Group 1-68,text,true,210,53,53,420
1456655878533,147,HTTP Request,200,OK,Thread Group 1-48,text,true,237,53,53,146
1456655878534,155,HTTP Request,200,OK,Thread Group 1-53,text,true,237,53,53,155
1456655878560,130,HTTP Request,200,OK,Thread Group 1-46,text,true,237,53,53,130
1456655878560,130,HTTP Request,200,OK,Thread Group 1-100,text,true,151,53,53,130
1456655878508,186,HTTP Request,200,OK,Thread Group 1-87,text,true,151,53,53,186
1456655878545,150,HTTP Request,200,OK,Thread Group 1-78,text,true,151,53,53,150
1456655878553,149,HTTP Request,200,OK,Thread Group 1-97,text,true,151,53,53,149
1456655878535,169,HTTP Request,200,OK,Thread Group 1-99,text,true,151,53,53,169
1456655878553,145,HTTP Request,200,OK,Thread Group 1-50,text,true,237,53,53,144
1456655878457,242,HTTP Request,200,OK,Thread Group 1-84,text,true,151,53,53,242
1456655878422,280,HTTP Request,200,OK,Thread Group 1-73,text,true,151,53,53,280
1456655878566,145,HTTP Request,200,OK,Thread Group 1-52,text,true,237,52,52,145
1456655878567,146,HTTP Request,200,OK,Thread Group 1-56,text,true,237,50,50,146
1456655878511,205,HTTP Request,200,OK,Thread Group 1-77,text,true,151,50,50,205
1456655878663,92,HTTP Request,200,OK,Thread Group 1-64,text,true,237,49,49,92
1456655878455,302,HTTP Request,200,OK,Thread Group 1-83,text,true,151,49,49,302
1456655878559,202,HTTP Request,200,OK,Thread Group 1-51,text,true,237,49,49,202
1456655878615,152,HTTP Request,200,OK,Thread Group 1-79,text,true,151,49,49,152
1456655878668,103,HTTP Request,200,OK,Thread Group 1-80,text,true,237,49,49,103
1456655878518,253,HTTP Request,200,OK,Thread Group 1-82,text,true,151,49,49,253
1456655878511,261,HTTP Request,200,OK,Thread Group 1-85,text,true,151,49,49,261
1456655878669,125,HTTP Request,200,OK,Thread Group 1-81,text,true,237,47,47,125
1456655878716,80,HTTP Request,200,OK,Thread Group 1-97,text,true,237,47,47,80
1456655878716,83,HTTP Request,200,OK,Thread Group 1-78,text,true,237,47,47,83
1456655878668,135,HTTP Request,200,OK,Thread Group 1-91,text,true,151,46,46,135
1456655878540,267,HTTP Request,200,OK,Thread Group 1-59,text,true,237,45,45,267
1456655878661,149,HTTP Request,200,OK,Thread Group 1-69,text,true,237,45,45,149
1456655878667,156,HTTP Request,200,OK,Thread Group 1-70,text,true,237,45,45,155
1456655878526,284,HTTP Request,200,OK,Thread Group 1-55,text,true,237,45,45,284
1456655878379,431,HTTP Request,200,OK,Thread Group 1-63,text,true,151,45,45,431
1456655878546,267,HTTP Request,200,OK,Thread Group 1-47,text,true,237,45,45,267
1456655878540,274,HTTP Request,200,OK,Thread Group 1-57,text,true,237,45,45,274
1456655878567,248,HTTP Request,200,OK,Thread Group 1-58,text,true,237,45,45,248
1456655878662,154,HTTP Request,200,OK,Thread Group 1-88,text,true,237,45,45,154
1456655878668,153,HTTP Request,200,OK,Thread Group 1-67,text,true,237,45,45,152
1456655878544,280,HTTP Request,200,OK,Thread Group 1-96,text,true,151,44,44,280
1456655878662,163,HTTP Request,200,OK,Thread Group 1-86,text,true,237,44,44,163
1456655878505,321,HTTP Request,200,OK,Thread Group 1-74,text,true,151,44,44,321
1456655878716,112,HTTP Request,200,OK,Thread Group 1-87,text,true,237,44,44,112
1456655878553,275,HTTP Request,200,OK,Thread Group 1-89,text,true,151,44,44,275
1456655878566,263,HTTP Request,200,OK,Thread Group 1-61,text,true,237,44,44,263
1456655878554,275,HTTP Request,200,OK,Thread Group 1-92,text,true,151,44,44,275
1456655878668,162,HTTP Request,200,OK,Thread Group 1-62,text,true,237,44,44,162
1456655878717,113,HTTP Request,200,OK,Thread Group 1-99,text,true,237,44,44,113
1456655878663,171,HTTP Request,200,OK,Thread Group 1-72,text,true,237,44,44,171
1456655878669,169,HTTP Request,200,OK,Thread Group 1-71,text,true,237,44,44,169
1456655878588,252,HTTP Request,200,OK,Thread Group 1-90,text,true,151,44,44,252
1456655878667,174,HTTP Request,200,OK,Thread Group 1-60,text,true,237,44,44,174
1456655878718,124,HTTP Request,200,OK,Thread Group 1-73,text,true,237,44,44,124
1456655878505,337,HTTP Request,200,OK,Thread Group 1-76,text,true,151,44,44,337
1456655878717,123,HTTP Request,200,OK,Thread Group 1-84,text,true,237,44,44,123
1456655878711,132,HTTP Request,200,OK,Thread Group 1-68,text,true,151,44,44,132
1456655878669,175,HTTP Request,200,OK,Thread Group 1-66,text,true,237,44,44,175
1456655878618,227,HTTP Request,200,OK,Thread Group 1-93,text,true,151,44,44,227
1456655878668,180,HTTP Request,200,OK,Thread Group 1-65,text,true,237,44,44,180
1456655878554,294,HTTP Request,200,OK,Thread Group 1-94,text,true,151,44,44,294
1456655878656,185,HTTP Request,200,OK,Thread Group 1-98,text,true,151,44,44,185
1456655878559,291,HTTP Request,200,OK,Thread Group 1-95,text,true,151,44,44,291
1456655878785,69,HTTP Request,200,OK,Thread Group 1-77,text,true,237,44,44,69
1456655878712,143,HTTP Request,200,OK,Thread Group 1-100,text,true,237,44,44,143
1456655878539,314,HTTP Request,200,OK,Thread Group 1-75,text,true,151,44,44,314
1456655878803,69,HTTP Request,200,OK,Thread Group 1-83,text,true,237,41,41,69
1456655878818,67,HTTP Request,200,OK,Thread Group 1-79,text,true,237,32,32,67
1456655878824,70,HTTP Request,200,OK,Thread Group 1-85,text,true,237,32,32,70
1456655878824,71,HTTP Request,200,OK,Thread Group 1-82,text,true,237,32,32,71
1456655878875,69,HTTP Request,200,OK,Thread Group 1-91,text,true,237,20,20,69
1456655878876,68,HTTP Request,200,OK,Thread Group 1-63,text,true,237,20,20,68
1456655878905,66,HTTP Request,200,OK,Thread Group 1-96,text,true,237,18,18,65
1456655878919,73,HTTP Request,200,OK,Thread Group 1-90,text,true,237,18,18,73
1456655878921,78,HTTP Request,200,OK,Thread Group 1-95,text,true,237,18,18,78
1456655878920,77,HTTP Request,200,OK,Thread Group 1-68,text,true,237,18,18,77
1456655878920,71,HTTP Request,200,OK,Thread Group 1-93,text,true,237,18,18,71
1456655878920,83,HTTP Request,200,OK,Thread Group 1-98,text,true,237,18,18,83
1456655878919,78,HTTP Request,200,OK,Thread Group 1-76,text,true,237,18,18,78
1456655878918,74,HTTP Request,200,OK,Thread Group 1-92,text,true,237,18,18,74
1456655878920,83,HTTP Request,200,OK,Thread Group 1-94,text,true,237,18,18,83
1456655878917,80,HTTP Request,200,OK,Thread Group 1-89,text,true,237,18,18,80
1456655878917,74,HTTP Request,200,OK,Thread Group 1-74,text,true,237,18,18,74
1456655879031,69,HTTP Request,200,OK,Thread Group 1-75,text,true,237,18,18,69
